{
  "image": "stencil_map.png",
  "scale_px_per_m": 150,
  "width_px": 600,
  "height_px": 600,
  "origin_px": [
    300,
    540
  ],
  "u_floor": [
    0.9997208548788722,
    0.016969229750205744,
    0.016439512217269397
  ],
  "v_floor": [
    -1.734723490165111e-18,
    -0.6958076808666062,
    0.7182281470723876
  ]
}